Time,Lateness,AssemblingOperator1,TotalSetup,InDue,OverDue,New,Product_,AdherenceToDue,TotalWork,Finished,OEE,CuttingOperator1,Assembling2,Assembling1,Assembly,Total,Worker2,OverDueTotal,Cutting1,Worker3,CycleTime,Consumab,Drilling1,DrillingOperator1,Tardiness,Cutting2,Material,InDueTotal,Open,Worker1
3600,-1341.529412,0.78,12.27,3,0,7,41.305,100,39.8,3,43.78,0.28,0.88,0.66,5.849511111,17,0.66,0,0.79,0.78,1041.941176,19918.82361,0.71,0.29,0,0.5,3130253.174,17,17,0.76
3960,-1357.315789,0.74,11.14,2,0,8,40.9375,100,40.71,2,44.78,0.19,0.76,0.82,5.729049242,19,0.9,0,0.63,0.75,1052.684211,19716.49014,0.76,0.29,0,0.49,3131906.422,19,23,0.58
4320,-1386.285714,0.71,9.82,2,0,8,42.84895833,100,48.74,2,53.61,0.17,0.73,0.77,5.655563657,21,0.88,0,0.61,0.85,1051.904762,19943.6655,0.71,0.2,0,0.94,3177033.882,21,29,0.95
4680,-1408.583333,0.49,7.4,3,0,8,44.52596154,100,49.5,3,54.44,0.19,0.72,0.53,5.561495726,24,0.93,0,0.81,0.97,1003.166667,19695.73476,0.79,0.12,0,0.68,3120585.448,24,34,0.82
5040,-1417.615385,0.45,7.22,2,0,6,46.45625,100,52.58,2,57.83,0.25,0.87,0.83,5.497366071,26,0.93,0,0.65,0.96,1000.346154,19959.34752,0.65,0.09,0,0.69,3168105.772,26,38,1
5400,-1401.823529,0.55,8.13,8,0,4,49.06416667,100,47.6,8,52.44,0.22,0.73,0.86,5.490701852,34,0.93,0,0.63,0.86,1054.735294,19839.68478,0.77,0.12,0,0.5,3164520.985,34,34,0.84
5760,-1375.179487,0.46,7.75,5,0,5,50.453125,100,43.89,5,48.28,0.22,0.8,0.95,5.429260417,39,0.73,0,0.42,0.74,1050.102564,19957.17473,0.56,0.17,0,0.54,3107360.174,39,34,0.94
6120,-1281.428571,0.65,9.54,10,0,5,51.74632353,100,46.46,10,51.11,0.28,0.72,0.95,5.335551471,49,0.79,0,0.48,0.96,1146.755102,19845.15932,0.68,0.12,0,0.76,3186641.375,49,29,0.8
6480,-1228.690909,0.68,11.11,6,0,6,52.62916667,100,43.41,6,47.78,0.25,0.92,0.86,5.270772377,55,0.79,0,0.48,0.81,1201.181818,19949.26993,0.8,0.29,0,0.55,3170059.333,55,29,0.79
6840,-1174.112903,0.55,9.12,7,0,8,52.82368421,100,47.48,7,52.22,0.25,0.86,0.68,5.142252193,62,0.65,0,0.72,0.96,1240.532258,19951.76989,0.65,0.21,0,0.7,3178136.755,62,30,1
7200,-1151.602941,0.61,9.72,6,0,4,52.81875,100,43.69,6,48.06,0.21,0.76,0.93,5.001596528,68,0.78,0,0.44,0.88,1258.132353,19988.72889,0.83,0.25,0,0.51,3187302.475,68,28,0.75
7560,-1142.43662,0.61,9.52,3,0,7,54.10357143,100,50.2,3,55.22,0.27,0.9,0.76,4.850833995,71,0.89,0,0.7,0.96,1268.28169,19978.51085,0.63,0.17,0,0.82,3172291.084,71,32,0.92
7920,-1124.948052,0.6,8.41,6,0,6,54.15568182,100,49.75,6,54.72,0.16,0.65,0.94,4.870805556,77,0.94,0,0.73,0.9,1265.402597,19875.79075,0.7,0.17,0,0.66,3182975.568,77,32,0.89
8280,-1121.54321,0.49,8.51,4,0,6,55.54945652,100,46.97,4,51.67,0.31,0.84,0.81,4.777933575,81,0.85,0,0.64,0.86,1260.975309,19989.69434,0.8,0.14,0,0.43,3190208.866,81,34,0.87
8640,-1108.322222,0.63,9.39,9,0,10,56.0953125,100,46.67,9,51.44,0.17,0.97,0.71,4.667432292,90,0.82,0,0.63,0.92,1281.111111,19796.6985,0.73,0.24,0,0.56,3197392.664,90,35,0.83
9000,-1103.365591,0.6,7.83,3,0,7,56.4385,100,48.28,3,53.11,0.14,0.8,0.85,4.672656667,93,0.74,0,0.72,0.91,1288.258065,19924.61484,0.66,0.12,0,0.48,3146182.723,93,39,1
9360,-1098.01,0.51,7.32,7,0,5,56.39567308,100,49.54,7,54.5,0.17,0.86,0.51,4.625645299,100,1,0,0.54,0.85,1295.58,19891.0072,0.74,0.12,0,0.86,3160362.7,100,37,0.88
9720,-1076.009174,0.56,8.33,9,0,6,56.84305556,100,49.14,9,54.06,0.22,0.85,0.88,4.612123457,109,0.77,0,0.82,1,1330.853211,19992.58162,0.75,0.14,0,0.33,3180443.273,109,34,0.93
10080,-1065.834783,0.5,7.58,6,0,8,57.16071429,100,46.82,6,51.5,0.14,0.6,0.93,4.557914683,115,0.93,0,0.54,0.72,1341.295652,19854.78615,0.8,0.19,0,0.53,3152025.393,115,36,0.92
10440,-1054.768595,0.41,5.5,6,0,8,56.64568966,100,51.31,6,56.44,0.11,0.68,0.82,4.514502874,121,1,0,0.7,0.92,1358.46281,19939.0876,0.37,0.08,0,0.86,3176437.31,121,38,0.91
10800,-1023.984496,0.47,6.57,8,0,5,56.21541667,100,46.67,8,51.33,0.17,0.89,0.54,4.510833333,129,0.73,0,0.54,1,1387.170543,19969.62743,0.7,0.08,0,0.61,3192407.79,129,35,0.84
11160,-999.437037,0.58,8.99,6,0,4,56.11048387,100,47.27,6,52,0.24,0.72,0.87,4.433591398,135,0.82,0,0.5,0.98,1408.555556,19965.04145,0.93,0.17,0,0.57,3184340.985,135,33,0.8
11520,-984.7021277,0.42,6.67,6,0,7,55.1359375,100,47.17,6,51.89,0.12,0.95,0.8,4.414834635,141,0.8,0,0.62,0.97,1427.751773,19983.29776,0.56,0.19,0,0.4,3206317.046,141,34,0.82
11880,-961.2567568,0.39,6.89,7,0,5,54.41022727,100,50.61,7,55.67,0.22,0.94,0.62,4.413649832,148,0.95,0,0.77,0.92,1449.486486,19906.18502,0.68,0.14,0,0.53,3197005.208,148,32,0.92
12240,-914.5534591,0.54,8.79,11,0,4,53.56433824,100,47.73,11,52.5,0.22,0.9,0.97,4.417678513,159,0.78,0,0.58,0.89,1497.628931,19990.43611,0.77,0.21,0,0.37,3211288.209,159,25,0.96
12600,-911.56875,0.68,10.76,1,0,4,52.90428571,100,42.98,1,47.28,0.25,0.95,0.92,4.447274603,160,0.83,0,0.4,0.72,1502.40625,19989.72642,0.79,0.25,0,0.49,3197005.811,160,28,0.81
12960,-898.4096386,0.44,10.1,6,0,6,52.421875,100,45.76,6,50.33,0.25,0.8,0.88,4.386717978,166,0.83,0,0.57,0.7,1515.885542,19828.59538,0.82,0.42,0,0.56,3186113.813,166,28,0.98
13320,-887.7861272,0.66,10,7,0,3,52.83547297,100,40.15,7,44.17,0.19,0.84,0.91,4.368614489,173,0.64,0,0.5,0.76,1530.323699,19962.13992,0.59,0.24,0,0.45,3207846.501,173,24,0.8
13680,-877.5027933,0.78,13.31,6,0,5,53.31973684,100,39.09,6,43,0.31,0.84,0.95,4.335166667,179,0.79,0,0.55,0.68,1545.608939,19962.94865,0.78,0.38,0,0.49,3206130.261,179,23,0.68
14040,-877.5989011,0.81,10.93,3,0,5,53.81987179,100,38.53,3,42.39,0.19,0.78,0.76,4.326535613,182,0.55,0,0.56,0.97,1540.087912,19960.85888,0.71,0.2,0,0.51,3201648.207,182,25,0.6
14400,-881.8924731,0.79,12.93,4,0,3,53.8234375,100,41.24,4,45.61,0.33,0.83,0.89,4.316624306,186,0.64,0,0.69,0.72,1533.897849,19992.1969,0.81,0.3,0,0.48,3201773.06,186,24,0.89
14760,-888.3874346,0.85,14.17,5,0,6,54.6902439,100,34.04,5,37.44,0.3,0.95,0.87,4.336436314,191,0.65,0,0.39,0.68,1524.434555,19961.72151,0.76,0.41,0,0.47,3207663.934,191,25,0.54
15120,-893.4484536,0.83,13.54,3,0,2,55.30089286,100,33.28,3,36.61,0.29,0.74,0.83,4.304144511,194,0.64,0,0.53,0.62,1522.984536,19923.44358,0.76,0.38,0,0.48,3209111.38,194,24,0.57
15480,-908.39,0.85,14.6,6,0,7,55.97354651,100,38.59,6,42.44,0.39,0.85,0.78,4.27345478,200,0.61,0,0.72,0.8,1505.565,19992.19478,0.79,0.37,0,0.6,3185898.317,200,25,0.71
15840,-915.4901961,0.88,12.73,4,0,4,55.92017045,100,37.22,4,40.94,0.22,0.74,0.88,4.30805303,204,0.91,0,0.56,0.51,1497.117647,19915.19426,0.83,0.3,0,0.44,3193726.187,204,25,0.63
16200,-926.7559809,0.72,14.27,5,0,7,56.76055556,100,39.09,5,43,0.39,0.85,0.7,4.311476852,209,0.68,0,0.72,0.69,1492.200957,19972.42879,0.89,0.46,0,0.57,3190938.425,209,27,0.78
16560,-936.6150235,0.52,8.66,4,0,5,57.2013587,100,47.42,4,52.17,0.23,0.83,0.74,4.283148249,213,0.81,0,0.67,0.93,1480.769953,19990.9483,0.64,0.21,0,0.66,3196317.25,213,28,0.87
16920,-946.3732719,0.76,12.3,4,0,5,57.61994681,100,40.2,4,44.22,0.32,0.81,0.88,4.306810284,217,0.71,0,0.54,0.86,1475.327189,19992.72564,0.84,0.26,0,0.5,3210202.088,217,29,0.64
17280,-958.2242152,0.68,11.09,6,0,3,58.02916667,100,36.87,6,40.56,0.22,0.78,0.9,4.315693866,223,0.58,0,0.47,0.72,1466.573991,19934.84151,0.68,0.32,0,0.42,3195322.143,223,26,0.72
17640,-962.2114537,0.82,12.07,4,0,6,57.96428571,100,45.5,4,50.06,0.25,0.92,0.68,4.270343537,227,0.87,0,0.75,0.82,1464.088106,19993.21928,0.82,0.26,0,0.66,3210959.6,227,28,0.81
18000,-970.5450644,0.68,11.26,6,0,9,58.64975,100,45.05,6,49.56,0.28,0.81,0.75,4.340954444,233,0.75,0,0.71,0.92,1457.407725,19963.73233,0.84,0.28,0,0.61,3208781.133,233,31,0.81
18360,-975.7833333,0.59,8.89,7,0,5,59.00637255,100,47.32,7,52.06,0.17,0.7,0.73,4.302131536,240,0.81,0,0.77,0.93,1451.720833,19954.99567,0.76,0.22,0,0.62,3198339.234,240,29,0.87
18720,-980.7663934,0.67,10.73,4,0,7,59.28052885,100,46.52,4,51.17,0.31,1,0.84,4.290747863,244,0.9,0,0.61,0.86,1444.819672,19993.05084,0.79,0.21,0,0.5,3214438.611,244,32,0.79
19080,-985.534413,0.65,9.34,3,0,4,59.54339623,100,48.79,3,53.67,0.19,0.89,0.87,4.290086216,247,0.87,0,0.72,0.9,1440.939271,19963.64944,0.74,0.18,0,0.5,3190192.399,247,33,0.92
19440,-993.5568627,0.7,11.94,8,0,6,59.9025463,100,44.6,8,49.06,0.28,0.88,0.86,4.2663768,255,0.71,0,0.63,0.9,1431.74902,19989.84409,0.86,0.33,0,0.53,3211975.812,255,31,0.84
19800,-996.6961538,0.57,9.54,5,0,8,60.21886364,100,46.26,5,50.89,0.17,0.96,0.79,4.262394192,260,0.91,0,0.55,0.79,1428.280769,19986.81004,0.78,0.31,0,0.51,3215867.325,260,34,0.84
20160,-993.8171642,0.57,7.88,8,0,8,60.165625,100,51.46,8,56.61,0.14,0.93,0.6,4.235238343,268,0.99,0,0.68,0.87,1431.537313,19976.93348,0.73,0.16,0,0.76,3213309.983,268,34,0.98
20520,-991.9301471,0.63,8.08,4,0,8,60.33640351,100,47.32,4,52.06,0.11,0.5,0.92,4.24876925,272,0.76,0,0.75,0.87,1436.577206,19962.52719,0.75,0.14,0,0.58,3192825.862,272,38,0.97
20880,-990.7913669,0.4,6.19,6,0,8,60.16573276,100,48.23,6,53.06,0.11,1,0.6,4.21052658,278,0.96,0,0.52,0.96,1432.161871,19972.55492,0.61,0.17,0,0.61,3210080.959,278,40,0.73
21240,-991.7773852,0.57,7,5,0,4,60.24131356,100,48.59,5,53.44,0.11,0.89,0.79,4.21918597,283,0.94,0,0.88,0.75,1427.349823,19991.64536,0.4,0.08,0,0.47,3190493.769,283,39,0.98
21600,-992.5224913,0.45,6.72,6,0,4,60.29916667,100,49.24,6,54.17,0.19,0.62,0.79,4.187869676,289,0.94,0,0.5,0.92,1422.121107,19989.27573,0.92,0.09,0,0.62,3206681.599,289,37,0.85
21960,-985.1666667,0.38,6.41,11,0,4,60.47807377,100,45.46,11,50,0.21,0.89,0.86,4.199216075,300,1,0,0.31,0.68,1429.653333,19991.53101,0.48,0.12,0,0.67,3213791.045,300,30,0.82
22320,-974.5404531,0.61,9.42,9,0,3,60.11108871,100,44.29,9,48.72,0.26,0.62,0.87,4.173637321,309,0.93,0,0.52,0.81,1436.834951,19991.47265,0.89,0.17,0,0.57,3188023.955,309,24,0.7
22680,-964.6857143,0.68,11.57,6,0,7,59.7765873,100,43.61,6,48.22,0.28,0.77,0.77,4.18605754,315,0.69,0,0.58,0.94,1445.561905,19933.67605,0.87,0.31,0,0.69,3196610.874,315,25,0.76
23040,-957.475,0.62,10.68,5,0,9,59.31152344,100,45.61,5,50.17,0.19,1,0.82,4.160639323,320,0.91,0,0.52,0.89,1455.86875,19986.14612,0.83,0.36,0,0.5,3213304.454,320,29,0.71
23400,-952.3888889,0.51,7.2,4,0,7,58.75384615,100,51.52,4,56.67,0.19,0.81,0.71,4.142441453,324,0.97,0,0.8,0.92,1461.657407,19990.43209,0.52,0.08,0,0.78,3211749.193,324,32,0.94
23760,-947.8018293,0.6,7.32,4,0,4,58.41022727,100,43.74,4,48.11,0.08,0.7,0.7,4.13403388,328,0.92,0,0.79,0.61,1469.243902,19967.24191,0.86,0.12,0,0.17,3188263.146,328,32,0.88
24120,-943.2252252,0.36,7.6,5,0,7,58.53283582,100,48.89,5,53.78,0.22,0.94,0.57,4.160625415,333,0.94,0,0.65,0.77,1472.435435,19987.83877,0.79,0.25,0,0.58,3206585.077,333,34,0.98
24480,-943.2573964,0.44,6.72,5,0,4,58.52702206,100,51.72,5,56.89,0.17,0.9,0.68,4.185630515,338,0.92,0,0.6,1,1473.514793,19933.92545,0.7,0.12,0,0.7,3199346.417,338,33,0.92
24840,-941.9127907,0.38,6.59,6,0,10,58.29311594,100,50.61,6,55.67,0.22,0.51,0.91,4.201092794,344,0.9,0,0.63,0.9,1475.40407,19911.74459,0.65,0.12,0,0.8,3175847.027,344,37,0.99
25200,-926.3792135,0.4,6.19,12,0,5,57.89928571,100,47.88,12,52.67,0.2,0.54,0.91,4.158391865,356,1,0,0.7,0.85,1490.679775,19936.2193,0.55,0.08,0,0.61,3206709.758,356,30,0.78
25560,-923.0391061,0.39,6.64,2,0,4,57.51866197,100,48.79,2,53.67,0.22,0.81,0.71,4.178551056,358,0.95,0,0.55,0.99,1493.203911,19961.1491,0.87,0.12,0,0.47,3197385.626,358,32,0.75
25920,-919.1270718,0.44,8.89,4,0,6,57.19097222,100,46.36,4,51,0.22,0.83,0.96,4.178096836,362,0.83,0,0.62,0.9,1496.234807,19971.90205,0.79,0.31,0,0.33,3207870.392,362,34,0.82
26280,-910.1054054,0.42,7.1,8,0,6,56.82054795,100,47.68,8,53.17,0.17,0.64,0.9,4.144413432,370,0.83,0,0.7,0.84,1502.172973,19958.39678,0.52,0.19,0,0.64,3200348.086,370,32,0.95
26640,-900.1375661,0.55,7.9,8,0,8,56.6527027,100,46.52,8,51.5,0.19,0.87,0.71,4.11057545,378,0.84,0,0.54,0.81,1509.333333,19983.89999,0.59,0.12,0,0.73,3205173.728,378,32,0.88
27000,-894.4438642,0.31,5.63,5,0,6,56.41533333,100,51.21,5,56.33,0.14,0.86,0.73,4.086615185,383,1,0,0.59,0.88,1515.493473,19988.72237,0.88,0.17,0,0.38,3216539.282,383,33,0.94
27360,-889.0153846,0.59,6.54,7,0,5,56.49671053,100,44.14,7,48.56,0.08,0.75,0.87,4.064293129,390,1,0,0.54,0.68,1521.353846,19974.06551,0.51,0.04,0,0.48,3196270.244,390,31,0.75
27720,-888.629156,0.56,8.13,1,0,6,56.53912338,100,50.91,1,56,0.17,0.64,0.99,4.085909452,391,1,0,0.61,0.9,1522.626598,19970.58506,0.59,0.17,0,0.87,3212647.558,391,36,0.9
28080,-886.181592,0.66,9.72,11,0,4,56.61217949,100,45.46,11,50,0.31,0.53,0.85,4.091314459,402,0.78,0,0.63,0.75,1524.283582,19968.98788,0.94,0.11,0,0.63,3202204.599,402,29,0.97
28440,-886.3587224,0.45,7.07,5,0,9,56.56012658,100,47.48,5,52.22,0.22,0.84,0.82,4.087089838,407,0.88,0,0.78,1,1522.31941,19949.84352,0.46,0.1,0,0.5,3208596.874,407,33,0.74
28800,-881.6843373,0.48,7.1,8,0,4,56.30921875,100,50.5,8,55.56,0.22,0.72,0.59,4.061021181,415,0.83,0,0.87,1,1525.696386,19962.42781,0.75,0.08,0,0.62,3195874.145,415,29,0.94
29160,-879.1220096,0.35,5.68,3,0,9,56.11435185,100,51.62,3,56.78,0.18,0.69,0.98,4.054973765,418,0.94,0,0.71,0.96,1528.576555,19959.24885,0.7,0.09,0,0.39,3201167.403,418,35,0.94
29520,-876.6028369,0.52,6.62,5,0,10,55.85137195,100,49.24,5,54.17,0.12,0.84,0.86,4.057347053,423,0.85,0,0.62,0.94,1531.713948,19979.85695,0.54,0.08,0,0.58,3212234.896,423,40,0.92
29880,-873.4242424,0.62,6.26,6,0,11,55.71385542,100,37.42,6,41.17,0.03,0.66,0.83,4.036538655,429,0.44,0,0.23,1,1535.895105,19947.13851,0.65,0.04,0,0.38,3185958.379,429,45,0.61
30240,-869.6544622,0.69,7.55,8,0,3,55.96860119,100,45.05,8,49.56,0.06,0.88,0.73,4.088274471,437,0.78,0,0.61,1,1537.393593,19988.18461,0.64,0.08,0,0.45,3217378.615,437,40,0.7
30600,-867.1221719,0.56,6.82,5,0,6,55.67294118,100,51.01,5,56.11,0.03,0.85,0.8,4.072987582,442,0.92,0,0.63,1,1539.794118,19935.86788,0.8,0.17,0,0.48,3205086.904,442,41,0.89
30960,-862.864745,0.39,4.75,9,0,7,55.50915698,100,53.33,9,58.78,0.08,0.47,0.71,4.057951227,451,0.99,0,0.98,1,1544.104213,19977.07294,0.55,0.05,0,0.75,3209427.808,451,39,0.94
31320,-851.8034934,0.39,4.97,4,3,4,54.95732759,57.14,50.3,7,55.33,0.08,0.68,0.72,4.058343072,458,1,3,0.61,0.89,1553.949782,19982.55005,0.54,0.08,0.938461538,0.77,3202838.43,455,36,0.88
31680,-849.4727669,0.39,5.05,0,1,7,54.38125,0,51.67,1,56.83,0.08,0.53,0.74,4.040999527,459,0.99,4,0.39,0.94,1555.867102,19927.34174,0.89,0.08,1.417582418,0.85,3193226.696,455,42,0.92
32040,-826.8418803,0.52,7.4,0,9,6,53.92331461,0,49.09,9,54,0.17,0.81,0.72,4.037165418,468,1,13,0.72,0.81,1580.358974,19991.26444,0.73,0.12,7.892307692,0.51,3214863.041,455,39,0.89
32400,-815.9851695,0.37,5.86,0,4,7,53.36375,0,51.67,4,56.83,0.19,0.54,0.67,4.031972531,472,0.98,17,0.75,0.94,1590.521186,19987.7631,1,0.08,11.88571429,0.52,3200218.853,455,42,0.92
32760,-796.7719665,0.46,7,0,6,10,52.93324176,0,49.54,6,54.5,0.15,0.73,0.97,4.047314866,478,1,23,0.63,0.89,1609.830544,19976.40148,0.62,0.17,21.30989011,0.56,3208558.932,455,46,0.84
33120,-785.3589212,0.51,6.21,0,4,8,52.41929348,0,50.5,4,55.56,0.09,0.66,0.82,4.022315972,482,0.93,27,0.64,0.88,1621.387967,19905.55526,0.65,0.08,26.3956044,0.7,3210569.305,455,50,0.97
33480,-765.8936605,0.36,4.6,0,7,3,51.95376344,0,52.22,7,57.44,0.1,0.79,0.94,4.004974761,489,1,34,0.95,0.93,1639.546012,19892.94193,0.19,0.04,35.23296703,0.51,3197897.794,455,46,0.94
33840,-753.6511156,0.39,5.53,0,4,3,51.53882979,0,47.58,4,52.33,0.14,0.46,0.74,3.984214835,493,0.95,38,0.79,0.88,1652.563895,19976.82579,0.86,0.08,41.76483516,0.39,3186090.123,455,45,0.79
34200,-735.6993988,0.29,5.18,0,6,5,51.04697368,0,50.15,6,55.22,0.19,0.61,0.82,3.969239912,499,0.88,44,0.29,0.99,1671.501002,19968.68216,0.99,0.08,51.51428571,0.61,3213890.112,455,44,0.89
34560,-711.7913386,0.46,6.82,0,9,5,50.57708333,0,49.5,9,54.44,0.17,0.89,0.9,3.970581742,508,0.97,53,0.65,0.91,1696.639764,19984.7008,0.66,0.12,63.65494505,0.37,3209375.457,455,40,0.84
34920,-697.0038911,0.46,7.27,0,6,3,50.18157216,0,49.19,6,54.11,0.17,0.95,0.93,3.961356243,514,0.92,59,0.68,0.86,1711.81323,19966.91707,0.7,0.17,70.97362637,0.25,3213227.476,455,37,0.93
35280,-672.0763359,0.4,6.79,0,10,6,49.77576531,0,46.36,10,51,0.14,0.97,0.95,3.971957766,524,0.78,69,0.41,0.89,1735.330153,19986.8676,0.55,0.21,84.36263736,0.43,3210860.095,455,33,0.88
35640,-651.0750469,0.5,8.43,0,9,7,49.39229798,0,52.73,9,58,0.22,0.67,0.93,3.959940236,533,0.93,78,0.64,1,1754.001876,19989.59526,0.82,0.21,95.67032967,0.78,3213827.125,455,31,0.97
36000,-639.65,0.28,5.81,1,6,4,48.960875,14.29,46.77,7,51.56,0.19,0.59,0.96,3.942726944,540,0.94,84,0.39,0.96,1766.307407,19950.63004,0.7,0.17,99.31140351,0.59,3205913.346,456,28,0.66
36360,-633.4,0.33,7.07,2,3,6,48.5200495,40,46.82,5,51.5,0.19,0.88,0.73,3.973672167,545,0.92,87,0.39,0.76,1774.875229,19988.01438,0.71,0.25,99.81659389,0.65,3208640.748,458,29,0.89
36720,-625.3121597,0.44,7.58,0,6,6,48.18382353,0,48.54,6,53.39,0.22,0.86,0.9,3.962795888,551,0.93,93,0.72,1,1783.491833,19979.48791,0.54,0.17,101.2489083,0.47,3210655.169,458,29,0.74
37080,-622.3009009,0.42,6.97,4,0,6,47.92257282,100,47.93,4,52.72,0.14,1,0.89,3.951809331,555,0.87,93,0.3,0.89,1787.198198,19986.49005,0.77,0.21,100.3722944,0.45,3217197.447,462,31,0.88
37440,-618.4245115,0.56,8.38,8,0,8,47.87367788,100,51.41,8,57.06,0.19,0.89,0.61,3.94714196,563,0.89,93,0.79,0.94,1792.031972,19980.00799,0.71,0.17,98.66382979,0.75,3218165.482,470,31,1
37800,-618.7309735,0.5,7.04,2,0,3,47.77916667,100,45.46,2,50,0.19,0.73,0.94,3.944957937,565,0.7,93,0.54,1,1792.941593,19980.51937,0.42,0.08,98.24576271,0.64,3214423.02,472,32,0.8
38160,-619.7902098,0.58,8.79,7,0,7,47.72158019,100,45.96,7,50.56,0.22,0.92,0.8,3.924752227,572,0.66,93,0.51,0.95,1790.575175,19961.11339,0.88,0.17,96.81002088,0.39,3207846.232,479,32,0.92
38520,-619.6851211,0.56,8.84,6,0,4,47.73936916,100,51.82,6,57,0.25,0.97,0.81,3.938866433,578,0.98,93,0.62,0.94,1790.83737,19962.83605,0.69,0.17,95.61237113,0.74,3215385.84,485,30,0.93
38880,-619.9450172,0.5,7.2,4,0,7,47.96030093,100,50.05,4,55.22,0.17,0.7,0.87,3.927372942,582,0.87,93,0.68,0.88,1792.919244,19988.66475,0.61,0.12,94.83026585,0.67,3206481.265,489,33,1
39240,-621.1256367,0.5,8.33,7,0,5,47.92465596,100,49.39,7,54.39,0.25,0.69,0.84,3.929622324,589,1,93,0.73,0.88,1793.475382,19942.46866,0.88,0.17,93.49193548,0.49,3204463.311,496,31,0.84
39600,-621.8857143,0.59,11.14,6,0,4,47.93909091,100,43.08,6,47.39,0.31,0.83,0.93,3.931527273,595,0.76,93,0.45,0.82,1791.527731,19965.74961,0.87,0.33,92.37450199,0.51,3209975.25,502,29,0.79
39960,-624.9667221,0.53,9.6,6,0,6,48.29054054,100,43.74,6,48.11,0.36,0.92,0.8,3.919977603,601,0.83,93,0.56,0.75,1788.371048,19984.60476,0.49,0.17,91.28346457,0.7,3212418.401,508,29,0.82
40320,-627.1072607,0.66,10.83,5,0,4,48.44241071,100,43.64,5,48,0.28,0.86,0.92,3.915356523,606,0.81,93,0.5,0.79,1787.014851,19973.38834,0.82,0.25,90.39376218,0.5,3209387.349,513,28,0.81
40680,-629.908646,0.72,12.48,7,0,8,48.63517699,100,44.54,7,49,0.36,0.91,0.8,3.938678712,613,0.78,93,0.83,0.73,1782.838499,19954.00774,0.61,0.29,89.17692308,0.66,3211108.636,520,29,0.94
41040,-632.6035599,0.76,11.01,5,0,1,48.94539474,100,36.16,5,39.78,0.17,0.9,0.88,3.935518519,618,0.57,93,0.38,0.74,1779.216828,19979.28555,0.82,0.28,88.32761905,0.23,3209698.267,525,25,0.68
41400,-635.3665595,0.74,10.23,4,0,2,49.21543478,100,29.24,4,32.17,0.17,0.79,0.92,3.926253744,622,0.42,93,0.3,0.44,1775.258842,19974.43422,0.46,0.22,87.65973535,0.25,3208375.532,529,23,0.75
41760,-640.9729299,0.82,14.44,6,0,3,49.57219828,100,27.58,6,30.33,0.31,0.6,0.83,3.922797055,628,0.46,93,0.42,0.53,1769.632166,19980.19171,0.79,0.46,86.67663551,0.47,3209771.403,535,20,0.53
42120,-645.1611374,0.9,13.86,5,0,6,49.52991453,100,19.34,5,21.28,0.25,0.65,0.71,3.95417367,633,0.35,93,0.31,0.23,1763.8594,19971.14438,0.54,0.38,85.87407407,0.39,3210588.51,540,21,0.48
42480,-651.1703125,0.72,10.76,7,0,6,49.70900424,100,44.44,7,48.89,0.23,0.72,0.63,3.982508945,640,0.69,93,0.82,0.86,1757.367188,19967.89476,0.81,0.24,84.77513711,0.65,3217508.12,547,20,0.9
42840,-654.0808709,0.78,11.19,3,0,1,49.84926471,100,32.93,3,36.22,0.19,0.9,0.91,3.985894725,643,0.63,93,0.32,0.4,1752.894246,19985.68131,0.64,0.26,84.31272727,0.27,3212204.618,550,18,0.78
43200,-656.7875969,0.89,16.39,2,0,6,49.70645833,100,33.48,2,36.83,0.41,0.83,0.78,4.005443981,645,0.65,93,0.52,0.59,1750.356589,19965.47382,0.87,0.51,84.00724638,0.63,3213869.471,552,22,0.6
43560,-661.007716,0.89,14.39,3,0,7,50.15020661,100,42.22,3,46.44,0.32,0.79,0.8,4.000768251,648,0.71,93,0.79,0.73,1747.223765,19980.01124,0.84,0.37,83.55315315,0.68,3215653.789,555,26,0.88
43920,-664.0476923,0.83,13.41,2,0,5,50.51875,100,46.06,2,50.67,0.36,0.84,0.91,4.007306808,650,0.77,93,0.77,0.96,1744.48,19979.96874,0.84,0.29,83.25314183,0.64,3212254.016,557,29,0.81
44280,-673.3141123,0.68,12.1,9,0,3,50.67997967,100,40.35,9,44.39,0.28,0.94,0.78,4.018870032,659,0.73,93,0.61,0.68,1735.030349,19985.79659,0.86,0.38,81.92932862,0.36,3214591.612,566,23,0.81
44640,-675.6429652,0.79,14.65,2,0,8,50.8672379,100,37.02,2,40.72,0.36,0.79,0.89,4.019478047,661,0.71,93,0.55,0.66,1732.055976,19967.80561,0.86,0.46,81.64084507,0.56,3213124.789,568,29,0.67
45000,-681.3438438,0.72,10.86,5,0,5,51.1742,100,43.43,5,47.78,0.22,0.81,0.84,4.019022889,666,0.82,93,0.57,0.67,1726.051051,19972.30114,0.72,0.25,80.92844677,0.63,3212198.144,573,29,0.9
45360,-686.2697466,0.7,10.48,5,0,4,51.36517857,100,40.25,5,44.28,0.25,0.75,0.76,4.032145062,671,0.82,93,0.65,0.78,1722.563338,19957.55601,0.78,0.21,80.2283737,0.42,3213774.864,578,28,0.61
45720,-691.960177,0.79,15.23,7,0,6,51.67273622,100,43.03,7,47.33,0.47,0.93,0.93,4.02390923,678,0.85,93,0.66,0.67,1715.448378,19973.42394,0.8,0.42,79.26837607,0.71,3212969.063,585,27,0.85
46080,-695.0117474,0.76,12.25,3,0,4,51.74882812,100,39.34,3,43.28,0.26,0.81,0.93,4.027446181,681,0.82,93,0.41,0.64,1711.9163,19975.38153,0.8,0.33,78.86394558,0.57,3215222.697,588,28,0.7
46440,-699.0014599,0.64,10.3,4,0,5,52.08614341,100,43.64,4,48,0.25,0.73,0.66,4.037009582,685,0.84,93,0.76,0.68,1707.032117,19981.82492,0.75,0.24,78.33108108,0.64,3214131.533,592,29,0.88
46800,-705.9942446,0.79,12.7,10,0,7,52.39663462,100,42.73,10,47,0.31,0.76,0.88,4.036147543,695,0.59,93,0.61,0.87,1700.640288,19955.71387,0.88,0.3,77.02990033,0.61,3213738.887,602,26,0.89
47160,-708.1160458,0.6,9.6,3,0,10,52.45620229,100,50.81,3,55.89,0.25,0.94,0.84,4.027924936,698,0.92,93,0.77,0.97,1697.744986,19967.9256,0.66,0.21,76.64793388,0.63,3210070.407,605,33,0.91
47520,-712.2122507,0.64,9.54,4,0,4,52.65227273,100,50.15,4,55.17,0.28,0.84,0.67,4.024497475,702,0.83,93,0.84,1,1693.648148,19962.71889,0.78,0.13,76.14449918,0.68,3217357.979,609,33,0.93
47880,-717.3658192,0.56,8.81,6,0,7,52.96231203,100,47.93,6,52.72,0.25,0.88,0.8,4.010597744,708,0.96,93,0.49,0.85,1688.519774,19979.06198,0.71,0.16,75.40162602,0.72,3215833.653,615,34,0.82
48240,-720.9789916,0.61,8.59,6,0,7,53.08320896,100,48.69,6,53.56,0.17,0.64,0.88,4.015430037,714,0.89,93,0.77,1,1686.536415,19967.00301,0.72,0.17,74.67310789,0.62,3211157.719,621,35,0.79
48600,-724.5291667,0.61,8.76,6,0,3,53.31509259,100,44.34,6,48.78,0.27,0.74,0.74,4.00851286,720,0.88,93,0.67,0.77,1682.868056,19985.33912,0.79,0.08,73.9585327,0.46,3214523.106,627,32,0.78
48960,-727.2496552,0.53,10.15,5,0,9,53.30652574,100,47.63,5,52.39,0.31,0.79,0.9,4.014022672,725,0.86,93,0.57,0.83,1680.068966,19985.44587,0.75,0.27,73.37341772,0.72,3217327.296,632,36,0.92
49320,-729.3051771,0.41,6.26,9,0,4,53.21104015,100,49.54,9,54.5,0.11,0.81,0.77,4.007113341,734,0.83,93,0.57,0.98,1676.608992,19985.34767,0.66,0.17,72.34321373,0.6,3211263.765,641,31,0.92
49680,-730.6192412,0.63,8.61,4,0,4,53.36875,100,45.35,4,49.89,0.17,0.92,0.84,3.998428442,738,0.88,93,0.61,0.67,1674.873984,19976.80514,0.62,0.15,71.89457364,0.45,3213055.96,645,31,0.94
50040,-729.757047,0.51,10.61,7,0,4,53.47464029,100,42.22,7,46.44,0.36,0.77,0.85,3.997219624,745,0.72,93,0.52,0.83,1674.857718,19982.75619,0.88,0.29,71.12269939,0.47,3214426.273,652,28,0.77
50400,-730.024,0.55,10.63,5,0,3,53.62455357,100,40.46,5,44.5,0.28,0.83,0.95,4.019991468,750,0.77,93,0.4,0.7,1675.213333,19980.69605,0.72,0.34,70.58143075,0.51,3214992.134,657,26,0.76
50760,-731.9828269,0.79,12.5,7,0,7,53.72508865,100,40.25,7,44.28,0.28,0.81,0.83,4.007175236,757,0.63,93,0.67,0.81,1672.78996,19969.61556,0.73,0.31,69.8373494,0.56,3213374.067,664,26,0.78
51120,-733.0235602,0.73,12.22,7,0,2,53.76302817,100,35.25,7,38.78,0.25,0.88,0.85,4.01115982,764,0.59,93,0.41,0.57,1671.492147,19978.21607,0.79,0.35,69.10879285,0.34,3217106.127,671,21,0.78
51480,-734.0052016,0.79,12.4,5,0,10,53.8736014,100,42.27,5,46.5,0.28,0.72,0.79,4.011550408,769,0.74,93,0.7,0.76,1670.472042,19975.6422,0.75,0.29,68.59763314,0.72,3214596.506,676,26,0.83
51840,-735.6295337,0.7,9.87,3,0,7,54.00755208,100,42.7,3,47,0.22,0.78,0.63,4.012500772,772,0.85,93,0.44,0.73,1668.537565,19946.89057,0.68,0.17,68.29455081,0.9,3212274.768,679,30,0.77
52200,-737.7045161,0.61,8.36,3,0,8,54.20318966,100,47.37,3,52.11,0.22,0.81,0.77,4.010727778,775,1,93,0.69,0.73,1665.932903,19983.9931,0.5,0.08,67.9941349,0.75,3212639.954,682,35,0.88
52560,-741.4782051,0.55,7.93,5,0,4,54.32910959,100,47.3,5,52.17,0.19,0.84,0.76,4.01166876,780,0.9,93,0.61,0.96,1661.803846,19969.83333,0.63,0.12,67.4992722,0.61,3212270.543,687,34,0.75
52920,-744.5739796,0.57,7.68,4,0,6,54.41768707,100,48.13,4,52.94,0.19,0.68,0.81,4.011105915,784,0.96,93,0.72,0.75,1658.827806,19979.84234,0.63,0.08,67.10853835,0.64,3213619.776,691,36,0.94
53280,-749.3467844,0.56,8.28,9,0,6,54.62094595,100,46.57,9,51.22,0.22,0.86,0.76,4.001092342,793,0.71,93,0.41,1,1653.261034,19983.52264,0.9,0.12,66.24571429,0.54,3217576.953,700,33,0.86
53640,-750.1356784,0.48,8.54,3,0,3,54.56090604,100,44.44,3,48.89,0.25,0.94,0.81,4.007949292,796,0.91,93,0.59,0.86,1652.080402,19984.91873,0.66,0.21,65.96301565,0.39,3217150.793,703,33,0.68
54000,-751.913259,0.52,8.91,11,0,6,54.58308333,100,46.41,11,51.06,0.25,0.88,0.96,4.005542037,807,0.92,93,0.56,0.81,1649.724907,19966.13123,0.66,0.21,64.94677871,0.47,3210314.398,714,28,0.81
54360,-751.2034525,0.74,11.24,4,0,5,54.62930464,100,39.85,4,43.83,0.28,0.83,0.85,3.997229673,811,0.68,93,0.61,0.77,1650.734895,19978.10393,0.71,0.22,64.58495822,0.42,3215304.859,718,29,0.74
54720,-749.9658537,0.69,10.5,9,0,3,54.76751645,100,43.54,9,47.89,0.23,0.89,0.82,3.985735197,820,0.71,93,0.48,0.89,1652.491463,19954.67784,0.76,0.24,63.78541953,0.59,3216657.795,727,23,0.79
55080,-750.9842424,0.68,11.24,5,0,5,54.89166667,100,36.01,5,39.61,0.27,0.91,0.79,3.985517248,825,0.63,93,0.48,0.7,1651.201212,19961.66253,0.55,0.29,63.34972678,0.49,3216218.621,732,23,0.64
55440,-752.0688406,0.77,11.64,3,0,6,54.95933442,100,41.77,3,45.94,0.22,0.77,0.78,3.990619499,828,0.68,93,0.61,0.89,1649.601449,19970.89709,0.91,0.29,63.09115646,0.5,3213702.411,735,26,0.73
55800,-754.3901561,0.67,8.86,5,0,7,55.00225806,100,45.91,5,50.5,0.14,0.56,0.86,3.992096595,833,0.89,93,0.81,0.97,1646.42617,19967.83149,0.56,0.17,62.66486486,0.7,3214303.821,740,28,0.67
56160,-756.3572282,0.76,10.02,4,0,4,55.17708333,100,44.04,4,48.44,0.22,0.91,0.8,3.989527778,837,0.74,93,0.58,0.76,1643.870968,19979.5778,0.67,0.12,62.32795699,0.56,3214698.19,744,28,0.92
56520,-758.706302,0.69,10.02,4,0,4,55.21138535,100,41.06,4,45.17,0.25,0.83,0.81,3.986827141,841,0.79,93,0.52,0.69,1641.863258,19977.735,0.81,0.17,61.99465241,0.39,3213249.471,748,28,0.78
56880,-760.8732227,0.7,13.48,3,0,7,55.32349684,100,41.92,3,46.11,0.32,0.86,0.9,3.996188819,844,0.76,93,0.64,0.64,1639.279621,19982.9423,0.89,0.46,61.74700399,0.49,3214546.319,751,32,0.9
57240,-764.8190364,0.52,8.61,7,0,4,55.30841195,100,46.21,7,51.28,0.26,0.75,0.83,3.981928459,851,0.64,93,0.79,0.89,1635.105758,19957.7148,0.58,0.17,61.176781,0.53,3211731.344,758,29,1
57600,-767.5627907,0.72,9.47,9,0,7,55.61351563,100,43.48,9,47.83,0.19,0.75,0.86,3.989856944,860,0.92,93,0.53,0.83,1633.427907,19954.49731,0.75,0.12,60.4589309,0.52,3216621.167,767,27,0.64
57960,-768.3907514,0.67,10.28,5,0,3,55.67810559,100,43.84,5,48.22,0.21,0.78,0.93,3.986440131,865,0.81,93,0.53,0.79,1631.593064,19982.99888,0.75,0.25,60.06735751,0.54,3211303.542,772,25,0.81
58320,-769.6048387,0.74,10.33,3,0,7,55.63742284,100,44.54,3,49,0.19,0.81,0.86,4.000645833,868,0.93,93,0.62,0.78,1630.276498,19965.77533,0.61,0.21,59.83483871,0.69,3213937.945,775,29,0.74
58680,-771.9816514,0.75,11.64,4,0,6,55.86763804,100,43.99,4,48.39,0.32,0.85,0.93,4.001264315,872,0.9,93,0.53,0.88,1628.663991,19981.10108,0.77,0.21,59.52759949,0.62,3216035.541,779,31,0.65
59040,-774.9317406,0.62,9.7,7,0,6,56.09710366,100,45.1,7,49.61,0.19,0.91,0.85,4.00388313,879,0.85,93,0.46,0.82,1626.90785,19981.35165,0.74,0.25,58.99745547,0.59,3217617.935,786,30,0.81
59400,-776.7916195,0.61,8.84,4,0,8,56.10280303,100,48.94,4,53.83,0.16,0.59,0.88,4.006686364,883,0.92,93,0.68,1,1625.074745,19982.60524,0.73,0.21,58.69873418,0.77,3216967.576,790,34,0.77
59760,-779.4026997,0.64,9.49,6,0,6,56.32740964,100,49.14,6,54.06,0.23,0.71,0.75,3.995624916,889,0.92,93,0.7,0.89,1621.993251,19979.99985,0.83,0.17,58.25628141,0.76,3214996.668,796,34,0.89
60120,-782.5435268,0.6,10.53,7,0,6,56.41803892,100,46.82,7,51.5,0.31,0.9,0.76,3.988914088,896,0.82,93,0.65,0.88,1618.708705,19964.96121,0.86,0.25,57.74844334,0.57,3215236.977,803,33,0.88
60480,-784.5833333,0.59,8.99,4,0,6,56.47752976,100,46.87,4,51.56,0.19,0.76,0.95,3.983841435,900,0.97,93,0.47,0.88,1617.425556,19975.70325,0.56,0.21,57.4622057,0.82,3213460.297,807,35,0.74
60840,-787.1269316,0.43,7.1,6,0,3,56.54467456,100,42.22,6,46.44,0.14,0.7,0.83,3.97425641,906,0.9,93,0.5,0.7,1615.792494,19978.43334,0.85,0.21,57.03813038,0.23,3206115.323,813,32,0.72
61200,-787.2748092,0.65,11.77,11,0,9,56.58176471,100,46.09,11,50.72,0.36,0.93,0.94,3.97901634,917,0.78,93,0.75,0.85,1615.748092,19972.64598,0.67,0.28,56.27669903,0.53,3215082.69,824,30,0.9
61560,-786.3355049,0.47,6.39,4,0,7,56.54232456,100,49.95,4,55.44,0.14,0.59,0.92,3.972390351,921,0.9,93,0.88,0.99,1616.664495,19950.69848,0.52,0.09,56.00483092,0.53,3215900.96,828,33,0.86
61920,-786.7158235,0.61,9.27,8,0,5,56.73575581,100,42.48,8,46.78,0.19,0.79,0.92,3.971768007,929,0.72,93,0.36,0.83,1615.451023,19982.23348,0.92,0.21,55.46889952,0.36,3211033.255,836,30,0.78
62280,-786.9604278,0.5,7.02,6,0,6,56.70108382,100,48.99,6,53.89,0.11,0.68,0.83,3.956714435,935,0.94,93,0.78,0.83,1615.613904,19981.3311,0.54,0.16,55.0736342,0.65,3213665.142,842,30,0.92
62640,-787.6204691,0.59,8.51,3,0,8,56.62780172,100,47.73,3,52.5,0.18,0.85,0.8,3.945152059,938,0.83,93,0.46,0.96,1615.332623,19958.11584,0.84,0.17,54.87810651,0.62,3209202.807,845,35,0.83
63000,-789.2319915,0.47,7.15,6,0,7,56.82392857,100,51.46,6,56.61,0.15,0.54,0.76,3.933026984,944,0.96,93,0.82,0.94,1613.618644,19944.6809,0.67,0.17,54.49118684,0.83,3210175.835,851,36,0.92
63360,-789.4159664,0.55,7.3,8,0,3,56.83146307,100,44.65,8,49.61,0.17,0.92,0.74,3.933052872,952,0.86,93,0.38,0.8,1612.758403,19972.21245,0.72,0.08,53.98370198,0.49,3210445.195,859,31,0.78
63720,-789.2159329,0.45,7.73,2,0,6,56.7835452,100,44.65,2,49.11,0.28,0.67,0.9,3.923548807,954,1,93,0.65,0.79,1612.757862,19966.68297,0.55,0.12,53.8583043,0.53,3214923.085,861,35,0.66
64080,-789.8983402,0.53,8.46,10,0,7,56.86242978,100,51.87,10,57.06,0.19,0.61,0.91,3.917919242,964,1,93,0.75,0.92,1611.567427,19975.70238,0.78,0.21,53.23995408,0.73,3215763.304,871,32,0.94
64440,-790.6497934,0.53,7.73,4,0,5,56.92772346,100,49.44,4,54.39,0.2,0.8,0.81,3.912421012,968,1,93,0.67,0.84,1610.305785,19967.72752,0.82,0.12,52.99657143,0.47,3212864.267,875,33,0.88
64800,-789.741573,0.51,8.79,11,0,10,56.84791667,100,50.4,11,55.61,0.25,0.76,0.77,3.9122875,979,0.89,93,0.65,0.88,1611.244127,19966.62606,0.76,0.21,52.33860045,0.8,3213360.295,886,32,1
65160,-789.6211813,0.43,6.46,3,0,3,56.71685083,100,49.09,3,54,0.11,0.8,0.84,3.916857965,982,0.79,93,0.6,0.93,1612.137475,19964.45462,0.62,0.17,52.16197975,0.55,3213860.011,889,32,0.97
65520,-789.3529412,0.56,8.43,4,0,6,56.74244505,100,42.58,4,46.83,0.22,0.87,0.83,3.911560211,986,0.62,93,0.56,0.93,1612.390467,19972.9822,0.68,0.15,51.92833147,0.33,3210762.199,893,34,0.79
65880,-788.4547284,0.42,6.39,8,0,5,56.64726776,100,48.74,8,53.61,0.14,0.92,0.7,3.908447253,994,0.8,93,0.43,0.9,1613.639839,19953.51646,0.54,0.14,51.4672586,0.8,3207982.505,901,31,0.99
66240,-787.497,0.51,7.45,6,0,5,56.68342391,100,44.95,6,49.44,0.22,0.78,0.94,3.912588391,1000,0.93,93,0.47,0.7,1615.158,19967.14579,0.61,0.08,51.12679162,0.49,3214823.913,907,30,0.84
66600,-786.5496032,0.49,8.18,8,0,7,56.69804054,100,50.56,8,55.61,0.28,0.83,0.77,3.910381456,1008,0.83,93,0.62,0.99,1614.924603,19952.71652,0.69,0.13,50.67978142,0.77,3210248.864,915,29,0.96
66960,-786.3145957,0.73,11.01,6,0,2,56.63353495,100,39.95,6,43.94,0.19,0.89,0.9,3.926336171,1014,0.78,93,0.47,0.66,1614.167653,19963.79938,0.87,0.29,50.34961998,0.27,3211100.426,921,25,0.76
67320,-786.9380531,0.78,10.83,3,0,2,56.78536096,100,29.34,3,32.28,0.17,0.94,0.99,3.924536468,1017,0.58,93,0.28,0.4,1613.873156,19975.51366,0.42,0.25,50.18614719,0.18,3214678.921,924,24,0.63
67680,-787.4790244,0.76,13,8,0,11,56.78656915,100,45.3,8,49.94,0.3,0.68,0.83,3.930613992,1025,0.84,93,0.8,0.86,1613.740488,19980.30689,0.77,0.38,49.75536481,0.85,3217735.658,932,27,0.79
68040,-787.8581147,0.59,8.13,4,0,3,56.87632275,100,45.2,4,49.89,0.15,0.78,0.69,3.928012934,1029,0.79,93,0.6,0.8,1613.121477,19978.44757,0.8,0.16,49.54273504,0.51,3211706.386,936,26,0.9
68400,-789.2425121,0.78,11.87,6,0,7,56.97763158,100,35.3,6,38.83,0.23,0.86,0.79,3.924585526,1035,0.63,93,0.45,0.72,1610.842512,19959.38599,0.7,0.3,49.22717622,0.44,3217472.34,942,27,0.6
68760,-790.9509143,0.67,9.75,4,0,4,57.02650524,100,46.21,4,50.83,0.28,0.79,0.79,3.923208406,1039,0.71,93,0.81,0.87,1609.618864,19972.45386,0.55,0.12,49.01902748,0.68,3217168.859,946,27,0.96
69120,-790.9509143,0.44,6.84,0,0,8,56.92311198,0,43.36,0,47.94,0.18,0.41,0.91,3.917883536,1039,0.84,93,0.43,0.61,1609.618864,19979.32893,0.7,0.12,49.01902748,0.66,3217456.372,946,35,0.94
69480,-795.9723546,0.51,7.32,10,0,5,57.22759067,100,49.75,10,54.72,0.13,0.57,0.97,3.917071675,1049,0.83,93,0.63,0.91,1604.497617,19976.3585,0.82,0.17,48.50627615,0.56,3212363.355,956,30,0.99
69840,-796.6148008,0.67,10.3,5,0,2,57.2933634,100,42.78,5,47.06,0.19,0.87,0.81,3.932865192,1054,0.75,93,0.55,0.91,1603.999051,19977.70506,0.9,0.27,48.25390219,0.36,3216319.045,961,27,0.69
70200,-798.294896,0.6,10.15,4,0,7,57.29288462,100,45.46,4,50,0.24,0.91,0.76,3.932014387,1058,0.82,93,0.61,0.81,1602.297732,19973.77158,0.71,0.28,48.05388601,0.61,3215989.075,965,30,0.88
70560,-799.5855263,0.75,12,6,0,3,57.35899235,100,38.64,6,42.5,0.28,0.86,0.86,3.929293438,1064,0.81,93,0.46,0.67,1602.316729,19973.7049,0.73,0.29,47.7569516,0.53,3213378.177,971,27,0.65
70920,-800.7530402,0.64,10.61,5,0,8,57.52525381,100,41.67,5,45.83,0.25,0.85,0.82,3.91806747,1069,0.51,93,0.4,0.97,1600.787652,19972.93263,0.7,0.28,47.51229508,0.7,3212373.699,976,30,0.81
71280,-801.8755803,0.61,9.6,8,0,7,57.56130051,100,47.35,8,52.22,0.24,0.62,0.67,3.915779952,1077,0.75,93,0.79,0.94,1600.337976,19965.86481,0.75,0.21,47.12601626,0.82,3213516.82,984,29,0.92
71640,-802.5175926,0.5,7.7,3,0,5,57.54535176,100,49.62,3,54.72,0.18,0.97,0.83,3.913941862,1080,0.97,93,0.57,0.96,1600.172222,19965.82425,0.71,0.17,46.98277609,0.49,3209984.444,987,31,0.81
72000,-804.1131555,0.56,9.6,7,0,6,57.6925,100,38.53,7,42.39,0.17,0.89,0.89,3.925645556,1087,0.74,93,0.44,0.64,1598.965961,19975.50159,0.71,0.33,46.65191147,0.25,3217513.143,994,30,0.74
72360,-805.0449541,0.5,6.69,3,0,11,57.8125,100,45.66,3,50.22,0.11,0.5,0.7,3.918987977,1090,0.89,93,0.59,1,1598.630275,19969.90211,0.55,0.12,46.5115346,0.91,3211669.759,997,38,0.62
72720,-806.7326642,0.56,7.45,6,0,1,57.9355198,100,49.7,6,54.67,0.14,0.83,0.64,3.924862624,1096,1,93,0.94,0.9,1597.281022,19976.70529,0.75,0.12,46.2333001,0.4,3214962.57,1003,33,0.83
73080,-808.6349638,0.5,7.32,8,0,8,57.93097291,100,46.01,8,50.61,0.22,0.79,0.8,3.927126916,1104,0.83,93,0.6,0.83,1595.896739,19970.74003,0.7,0.08,45.86745796,0.44,3213819.735,1011,33,0.86
73440,-810.1512151,0.5,5.71,7,0,10,57.93480392,100,47.12,7,51.83,0.09,0.62,0.71,3.922949142,1111,0.76,93,0.88,0.94,1595.342934,19960.88516,0.3,0.04,45.55206287,0.71,3211117.877,1018,36,0.89
73800,-810.5494604,0.66,8.03,1,0,5,58.06152439,100,43.94,1,48.33,0.14,0.48,0.73,3.917875745,1112,0.65,93,0.8,0.98,1595.357014,19971.29692,0.69,0.08,45.50736016,0.59,3208082.687,1019,40,0.79
74160,-811.992,0.34,4.7,13,0,9,57.98003641,100,52.63,13,57.89,0.14,0.55,0.89,3.913526025,1125,0.94,93,0.65,1,1593.111111,19960.05333,0.91,0.04,44.93410853,0.4,3214644.559,1032,36,0.95
74520,-810.7909655,0.24,3.94,4,0,3,57.74631643,100,52.63,4,57.89,0.11,0.5,0.76,3.912012748,1129,0.89,93,0.67,1,1594.113375,19975.98348,0.67,0.08,44.76061776,0.74,3212827.571,1036,35,1
74880,-809.2444837,0.44,7.07,4,0,9,57.60847356,100,51.31,4,56.44,0.17,0.82,0.89,3.926023104,1133,0.93,93,0.65,0.92,1595.654016,19964.2916,0.73,0.17,44.58846154,0.51,3215227.151,1040,40,0.97
75240,-804.7419073,0.36,5.4,10,0,4,57.43409091,100,51.31,10,56.44,0.19,0.57,0.83,3.919724681,1143,0.98,93,0.65,0.84,1601.027122,19960.01147,0.67,0.04,44.16380952,0.71,3215202.195,1050,34,1
75600,-800.2893136,0.46,6.64,7,1,7,57.20714286,87.5,51.41,8,56.56,0.17,0.85,0.59,3.922557804,1151,0.93,94,0.86,0.92,1605.250217,19948.89222,0.84,0.11,43.94891202,0.42,3206234.076,1057,33,0.98
75960,-795.2227979,0.44,6.44,3,4,9,56.97683649,42.86,51.62,7,56.78,0.17,0.85,0.73,3.933284558,1158,0.89,98,0.48,1,1609.632124,19971.15276,0.78,0.1,44.12924528,0.7,3215521.739,1060,35,0.94
76320,-794.1172414,0.23,4.22,2,0,5,56.70807783,100,53.13,2,58.44,0.11,0.65,0.66,3.924915422,1160,0.99,98,0.79,1,1611.403448,19942.68221,0.69,0.12,44.04613936,0.61,3210963.917,1062,38,0.93
76680,-787.2489307,0.36,5.66,2,7,9,56.52869718,22.22,50.91,9,56,0.14,0.71,0.82,3.917623891,1169,1,105,0.62,0.84,1617.040205,19975.30595,0.71,0.12,45.07424812,0.57,3210486.385,1064,38,0.96
77040,-783.7548936,0.42,5.58,5,1,7,56.29357477,83.33,52.52,6,57.78,0.11,0.81,0.83,3.914524013,1175,0.94,106,0.66,0.96,1621.56,19976.63634,0.54,0.08,44.88400374,0.67,3215285.983,1069,39,0.99
77400,-779.8289585,0.39,5.1,2,4,3,56.06215116,33.33,52.37,6,57.61,0.13,0.65,0.6,3.918121964,1181,0.94,110,0.72,0.94,1625.162574,19968.79549,0.77,0.04,44.95611578,0.7,3211880.859,1071,36,0.99
77760,-773.5773109,0.44,5.63,6,3,6,55.85601852,66.67,48.28,9,53.11,0.09,0.88,0.97,3.90755099,1190,0.82,113,0.38,1,1631.383193,19976.56618,0.73,0.08,45.43268338,0.3,3213725.621,1077,33,0.84
78120,-769.4908027,0.44,6.82,2,4,4,55.62557604,33.33,50.3,6,55.33,0.14,0.79,0.85,3.9068782,1196,0.95,117,0.67,0.84,1635.250836,19977.10606,0.83,0.17,45.64318814,0.39,3216879.437,1079,31,0.97
78480,-767.3936614,0.61,9.09,0,3,5,55.39180046,0,46.41,3,51.06,0.22,0.81,0.84,3.90893081,1199,0.7,120,0.51,0.94,1637.788157,19957.28412,0.77,0.17,45.83410565,0.62,3215467.16,1079,33,0.92
78840,-762.9070539,0.33,6.44,1,5,8,55.16792237,16.67,48.89,6,53.78,0.17,0.96,0.95,3.911875634,1205,0.85,125,0.47,0.93,1641.711203,19950.80902,0.59,0.21,46.65092593,0.43,3214521.643,1080,35,0.91
79200,-754.9490132,0.56,6.82,3,8,8,54.97369318,27.27,48.94,11,53.83,0.11,0.93,0.65,3.906779545,1216,0.9,133,0.64,1,1648.912829,19972.39383,0.37,0.08,48.22253001,0.85,3213866.789,1083,32,0.79
79560,-751.1661211,0.23,3.89,2,4,11,54.76521493,33.33,52.68,6,57.94,0.11,0.77,0.6,3.898862682,1222,0.9,137,0.95,1,1653.557283,19975.19045,0.53,0.08,48.56221198,0.47,3214112.139,1085,37,1
79920,-749.844898,0.43,5.46,3,0,6,54.5660473,100,50.2,3,55.44,0.08,0.75,0.67,3.906700763,1225,0.92,137,0.73,0.82,1654.475102,19977.09085,0.89,0.08,48.42830882,0.36,3216137.068,1088,40,1
80280,-746.9430894,0.33,3.91,3,2,5,54.394787,60,53.13,5,58.44,0.06,0.53,0.9,3.895370578,1230,0.92,139,0.35,1,1657.595122,19976.98484,0.67,0.04,48.60128323,0.91,3213736.375,1091,40,1
80640,-744.3211974,0.39,5.3,6,0,4,54.21674107,100,52.4,6,57.78,0.11,0.6,0.84,3.886236979,1236,0.93,139,0.46,0.94,1659.865696,19949.76882,0.78,0.08,48.33546035,0.8,3210811.725,1097,38,1
